Player,Link,BBRefID
Precious Achiuwa,https://www.basketball-reference.com/players/a/achiupr01.html,achiupr01
Jaylen Adams,https://www.basketball-reference.com/players/a/adamsja01.html,adamsja01
Steven Adams,https://www.basketball-reference.com/players/a/adamsst01.html,adamsst01
Bam Adebayo,https://www.basketball-reference.com/players/a/adebaba01.html,adebaba01
Santi Aldama,https://www.basketball-reference.com/players/a/aldamsa01.html,aldamsa01
LaMarcus Aldridge,https://www.basketball-reference.com/players/a/aldrila01.html,aldrila01
Nickeil Alexander-Walker,https://www.basketball-reference.com/players/a/alexani01.html,alexani01
Ty-Shon Alexander,https://www.basketball-reference.com/players/a/alexaty01.html,alexaty01
Grayson Allen,https://www.basketball-reference.com/players/a/allengr01.html,allengr01
Jarrett Allen,https://www.basketball-reference.com/players/a/allenja01.html,allenja01
Jose Alvarado,https://www.basketball-reference.com/players/a/alvarjo01.html,alvarjo01
Al-Farouq Aminu,https://www.basketball-reference.com/players/a/aminual01.html,aminual01
Justin Anderson,https://www.basketball-reference.com/players/a/anderju01.html,anderju01
Kyle Anderson,https://www.basketball-reference.com/players/a/anderky01.html,anderky01
Giannis Antetokounmpo,https://www.basketball-reference.com/players/a/antetgi01.html,antetgi01
Kostas Antetokounmpo,https://www.basketball-reference.com/players/a/antetko01.html,antetko01
Thanasis Antetokounmpo,https://www.basketball-reference.com/players/a/antetth01.html,antetth01
Carmelo Anthony,https://www.basketball-reference.com/players/a/anthoca01.html,anthoca01
Cole Anthony,https://www.basketball-reference.com/players/a/anthoco01.html,anthoco01
OG Anunoby,https://www.basketball-reference.com/players/a/anunoog01.html,anunoog01
Ryan Arcidiacono,https://www.basketball-reference.com/players/a/arcidry01.html,arcidry01
Trevor Ariza,https://www.basketball-reference.com/players/a/arizatr01.html,arizatr01
D.J. Augustin,https://www.basketball-reference.com/players/a/augusdj01.html,augusdj01
Deni Avdija,https://www.basketball-reference.com/players/a/avdijde01.html,avdijde01
Joel Ayayi,https://www.basketball-reference.com/players/a/ayayijo01.html,ayayijo01
Deandre Ayton,https://www.basketball-reference.com/players/a/aytonde01.html,aytonde01
Udoka Azubuike,https://www.basketball-reference.com/players/a/azubuud01.html,azubuud01
Dwayne Bacon,https://www.basketball-reference.com/players/b/bacondw01.html,bacondw01
Marvin Bagley III,https://www.basketball-reference.com/players/b/baglema01.html,baglema01
LaMelo Ball,https://www.basketball-reference.com/players/b/ballla01.html,ballla01
Lonzo Ball,https://www.basketball-reference.com/players/b/balllo01.html,balllo01
Mo Bamba,https://www.basketball-reference.com/players/b/bambamo01.html,bambamo01
Desmond Bane,https://www.basketball-reference.com/players/b/banede01.html,banede01
Dalano Banton,https://www.basketball-reference.com/players/b/bantoda01.html,bantoda01
Cat Barber,https://www.basketball-reference.com/players/b/barbeca01.html,barbeca01
Harrison Barnes,https://www.basketball-reference.com/players/b/barneha02.html,barneha02
Scottie Barnes,https://www.basketball-reference.com/players/b/barnesc01.html,barnesc01
RJ Barrett,https://www.basketball-reference.com/players/b/barrerj01.html,barrerj01
Will Barton,https://www.basketball-reference.com/players/b/bartowi01.html,bartowi01
Charles Bassey,https://www.basketball-reference.com/players/b/bassech01.html,bassech01
Paris Bass,https://www.basketball-reference.com/players/b/basspa01.html,basspa01
Keita Bates-Diop,https://www.basketball-reference.com/players/b/bateske01.html,bateske01
Nicolas Batum,https://www.basketball-reference.com/players/b/batumni01.html,batumni01
Aron Baynes,https://www.basketball-reference.com/players/b/baynear01.html,baynear01
Kent Bazemore,https://www.basketball-reference.com/players/b/bazemke01.html,bazemke01
Darius Bazley,https://www.basketball-reference.com/players/b/bazleda01.html,bazleda01
Bradley Beal,https://www.basketball-reference.com/players/b/bealbr01.html,bealbr01
Malik Beasley,https://www.basketball-reference.com/players/b/beaslma01.html,beaslma01
Jordan Bell,https://www.basketball-reference.com/players/b/belljo01.html,belljo01
DeAndre' Bembry,https://www.basketball-reference.com/players/b/bembrde01.html,bembrde01
Dāvis Bertāns,https://www.basketball-reference.com/players/b/bertada01.html,bertada01
Patrick Beverley,https://www.basketball-reference.com/players/b/beverpa01.html,beverpa01
Saddiq Bey,https://www.basketball-reference.com/players/b/beysa01.html,beysa01
Tyler Bey,https://www.basketball-reference.com/players/b/beyty01.html,beyty01
Khem Birch,https://www.basketball-reference.com/players/b/birchkh01.html,birchkh01
Goga Bitadze,https://www.basketball-reference.com/players/b/bitadgo01.html,bitadgo01
Bismack Biyombo,https://www.basketball-reference.com/players/b/biyombi01.html,biyombi01
Nemanja Bjelica,https://www.basketball-reference.com/players/b/bjeline01.html,bjeline01
Eric Bledsoe,https://www.basketball-reference.com/players/b/bledser01.html,bledser01
Keljin Blevins,https://www.basketball-reference.com/players/b/blevike01.html,blevike01
Bogdan Bogdanović,https://www.basketball-reference.com/players/b/bogdabo01.html,bogdabo01
Bojan Bogdanović,https://www.basketball-reference.com/players/b/bogdabo02.html,bogdabo02
Bol Bol,https://www.basketball-reference.com/players/b/bolbo01.html,bolbo01
Marques Bolden,https://www.basketball-reference.com/players/b/boldema01.html,boldema01
Leandro Bolmaro,https://www.basketball-reference.com/players/b/bolmale01.html,bolmale01
Jordan Bone,https://www.basketball-reference.com/players/b/bonejo01.html,bonejo01
Isaac Bonga,https://www.basketball-reference.com/players/b/bongais01.html,bongais01
Devin Booker,https://www.basketball-reference.com/players/b/bookede01.html,bookede01
Brandon Boston Jr.,https://www.basketball-reference.com/players/b/bostobr01.html,bostobr01
Chris Boucher,https://www.basketball-reference.com/players/b/bouchch01.html,bouchch01
James Bouknight,https://www.basketball-reference.com/players/b/bouknja01.html,bouknja01
Brian Bowen,https://www.basketball-reference.com/players/b/bowenbr02.html,bowenbr02
Avery Bradley,https://www.basketball-reference.com/players/b/bradlav01.html,bradlav01
Tony Bradley,https://www.basketball-reference.com/players/b/bradlto01.html,bradlto01
Jarrell Brantley,https://www.basketball-reference.com/players/b/brantja01.html,brantja01
Ignas Brazdeikis,https://www.basketball-reference.com/players/b/brazdig01.html,brazdig01
Mikal Bridges,https://www.basketball-reference.com/players/b/bridgmi01.html,bridgmi01
Miles Bridges,https://www.basketball-reference.com/players/b/bridgmi02.html,bridgmi02
Amida Brimah,https://www.basketball-reference.com/players/b/brimaam01.html,brimaam01
Oshae Brissett,https://www.basketball-reference.com/players/b/brissos01.html,brissos01
Malcolm Brogdon,https://www.basketball-reference.com/players/b/brogdma01.html,brogdma01
Armoni Brooks,https://www.basketball-reference.com/players/b/brookar01.html,brookar01
Dillon Brooks,https://www.basketball-reference.com/players/b/brookdi01.html,brookdi01
Bruce Brown,https://www.basketball-reference.com/players/b/brownbr01.html,brownbr01
Charlie Brown Jr.,https://www.basketball-reference.com/players/b/brownch02.html,brownch02
Chaundee Brown Jr.,https://www.basketball-reference.com/players/b/brownch05.html,brownch05
Greg Brown III,https://www.basketball-reference.com/players/b/browngr01.html,browngr01
Jaylen Brown,https://www.basketball-reference.com/players/b/brownja02.html,brownja02
Moses Brown,https://www.basketball-reference.com/players/b/brownmo01.html,brownmo01
Sterling Brown,https://www.basketball-reference.com/players/b/brownst02.html,brownst02
Troy Brown Jr.,https://www.basketball-reference.com/players/b/browntr01.html,browntr01
Jalen Brunson,https://www.basketball-reference.com/players/b/brunsja01.html,brunsja01
Elijah Bryant,https://www.basketball-reference.com/players/b/bryanel01.html,bryanel01
Thomas Bryant,https://www.basketball-reference.com/players/b/bryanth01.html,bryanth01
Shaq Buchanan,https://www.basketball-reference.com/players/b/buchash01.html,buchash01
Reggie Bullock,https://www.basketball-reference.com/players/b/bullore01.html,bullore01
Trey Burke,https://www.basketball-reference.com/players/b/burketr01.html,burketr01
Alec Burks,https://www.basketball-reference.com/players/b/burksal01.html,burksal01
Jared Butler,https://www.basketball-reference.com/players/b/butleja02.html,butleja02
Jimmy Butler,https://www.basketball-reference.com/players/b/butleji01.html,butleji01
Bruno Caboclo,https://www.basketball-reference.com/players/c/cabocbr01.html,cabocbr01
Devontae Cacok,https://www.basketball-reference.com/players/c/cacokde01.html,cacokde01
Kentavious Caldwell-Pope,https://www.basketball-reference.com/players/c/caldwke01.html,caldwke01
Facundo Campazzo,https://www.basketball-reference.com/players/c/campafa01.html,campafa01
Vlatko Čančar,https://www.basketball-reference.com/players/c/cancavl01.html,cancavl01
Devin Cannady,https://www.basketball-reference.com/players/c/cannade01.html,cannade01
Clint Capela,https://www.basketball-reference.com/players/c/capelca01.html,capelca01
Vernon Carey Jr.,https://www.basketball-reference.com/players/c/careyve01.html,careyve01
Jevon Carter,https://www.basketball-reference.com/players/c/carteje01.html,carteje01
Michael Carter-Williams,https://www.basketball-reference.com/players/c/cartemi01.html,cartemi01
Wendell Carter Jr.,https://www.basketball-reference.com/players/c/cartewe01.html,cartewe01
Alex Caruso,https://www.basketball-reference.com/players/c/carusal01.html,carusal01
Willie Cauley-Stein,https://www.basketball-reference.com/players/c/caulewi01.html,caulewi01
Ahmad Caver,https://www.basketball-reference.com/players/c/caverah01.html,caverah01
Justin Champagnie,https://www.basketball-reference.com/players/c/champju01.html,champju01
Zylan Cheatham,https://www.basketball-reference.com/players/c/cheatzy01.html,cheatzy01
Chris Chiozza,https://www.basketball-reference.com/players/c/chiozch01.html,chiozch01
Josh Christopher,https://www.basketball-reference.com/players/c/chrisjo01.html,chrisjo01
Marquese Chriss,https://www.basketball-reference.com/players/c/chrisma01.html,chrisma01
Brandon Clarke,https://www.basketball-reference.com/players/c/clarkbr01.html,clarkbr01
Gary Clark,https://www.basketball-reference.com/players/c/clarkga01.html,clarkga01
Jordan Clarkson,https://www.basketball-reference.com/players/c/clarkjo01.html,clarkjo01
Nic Claxton,https://www.basketball-reference.com/players/c/claxtni01.html,claxtni01
Amir Coffey,https://www.basketball-reference.com/players/c/coffeam01.html,coffeam01
Darren Collison,https://www.basketball-reference.com/players/c/collida01.html,collida01
John Collins,https://www.basketball-reference.com/players/c/collijo01.html,collijo01
Zach Collins,https://www.basketball-reference.com/players/c/colliza01.html,colliza01
Mike Conley,https://www.basketball-reference.com/players/c/conlemi01.html,conlemi01
Pat Connaughton,https://www.basketball-reference.com/players/c/connapa01.html,connapa01
Quinn Cook,https://www.basketball-reference.com/players/c/cookqu01.html,cookqu01
Tyler Cook,https://www.basketball-reference.com/players/c/cookty01.html,cookty01
Sharife Cooper,https://www.basketball-reference.com/players/c/coopesh01.html,coopesh01
Petr Cornelie,https://www.basketball-reference.com/players/c/cornepe01.html,cornepe01
DeMarcus Cousins,https://www.basketball-reference.com/players/c/couside01.html,couside01
Robert Covington,https://www.basketball-reference.com/players/c/covinro01.html,covinro01
Torrey Craig,https://www.basketball-reference.com/players/c/craigto01.html,craigto01
Jae Crowder,https://www.basketball-reference.com/players/c/crowdja01.html,crowdja01
Jarrett Culver,https://www.basketball-reference.com/players/c/culveja01.html,culveja01
Jarron Cumberland,https://www.basketball-reference.com/players/c/cumbeja01.html,cumbeja01
Cade Cunningham,https://www.basketball-reference.com/players/c/cunnica01.html,cunnica01
Seth Curry,https://www.basketball-reference.com/players/c/curryse01.html,curryse01
Stephen Curry,https://www.basketball-reference.com/players/c/curryst01.html,curryst01
Nate Darling,https://www.basketball-reference.com/players/d/darlina01.html,darlina01
Anthony Davis,https://www.basketball-reference.com/players/d/davisan02.html,davisan02
Ed Davis,https://www.basketball-reference.com/players/d/davised01.html,davised01
Terence Davis,https://www.basketball-reference.com/players/d/daviste02.html,daviste02
Gabriel Deck,https://www.basketball-reference.com/players/d/deckga01.html,deckga01
Dewayne Dedmon,https://www.basketball-reference.com/players/d/dedmode01.html,dedmode01
Sam Dekker,https://www.basketball-reference.com/players/d/dekkesa01.html,dekkesa01
Javin DeLaurier,https://www.basketball-reference.com/players/d/delauja01.html,delauja01
Matthew Dellavedova,https://www.basketball-reference.com/players/d/dellama01.html,dellama01
DeMar DeRozan,https://www.basketball-reference.com/players/d/derozde01.html,derozde01
Mamadi Diakite,https://www.basketball-reference.com/players/d/diakima01.html,diakima01
Cheick Diallo,https://www.basketball-reference.com/players/d/diallch01.html,diallch01
Hamidou Diallo,https://www.basketball-reference.com/players/d/diallha01.html,diallha01
Gorgui Dieng,https://www.basketball-reference.com/players/d/dienggo01.html,dienggo01
Spencer Dinwiddie,https://www.basketball-reference.com/players/d/dinwisp01.html,dinwisp01
Donte DiVincenzo,https://www.basketball-reference.com/players/d/divindo01.html,divindo01
Luka Dončić,https://www.basketball-reference.com/players/d/doncilu01.html,doncilu01
Luguentz Dort,https://www.basketball-reference.com/players/d/dortlu01.html,dortlu01
Ayo Dosunmu,https://www.basketball-reference.com/players/d/dosunay01.html,dosunay01
Damyean Dotson,https://www.basketball-reference.com/players/d/dotsoda01.html,dotsoda01
Devon Dotson,https://www.basketball-reference.com/players/d/dotsode01.html,dotsode01
Sekou Doumbouya,https://www.basketball-reference.com/players/d/doumbse01.html,doumbse01
Jeff Dowtin,https://www.basketball-reference.com/players/d/dowtije01.html,dowtije01
PJ Dozier,https://www.basketball-reference.com/players/d/doziepj01.html,doziepj01
Goran Dragić,https://www.basketball-reference.com/players/d/dragigo01.html,dragigo01
Andre Drummond,https://www.basketball-reference.com/players/d/drumman01.html,drumman01
Chris Duarte,https://www.basketball-reference.com/players/d/duartch01.html,duartch01
Jared Dudley,https://www.basketball-reference.com/players/d/dudleja01.html,dudleja01
David Duke Jr.,https://www.basketball-reference.com/players/d/dukeda01.html,dukeda01
Kris Dunn,https://www.basketball-reference.com/players/d/dunnkr01.html,dunnkr01
Kevin Durant,https://www.basketball-reference.com/players/d/duranke01.html,duranke01
Jaime Echenique,https://www.basketball-reference.com/players/e/echenja01.html,echenja01
Anthony Edwards,https://www.basketball-reference.com/players/e/edwaran01.html,edwaran01
Carsen Edwards,https://www.basketball-reference.com/players/e/edwarca01.html,edwarca01
Kessler Edwards,https://www.basketball-reference.com/players/e/edwarke02.html,edwarke02
Rob Edwards,https://www.basketball-reference.com/players/e/edwarro01.html,edwarro01
CJ Elleby,https://www.basketball-reference.com/players/e/ellebcj01.html,ellebcj01
Henry Ellenson,https://www.basketball-reference.com/players/e/ellenhe01.html,ellenhe01
Wayne Ellington,https://www.basketball-reference.com/players/e/ellinwa01.html,ellinwa01
Joel Embiid,https://www.basketball-reference.com/players/e/embiijo01.html,embiijo01
James Ennis III,https://www.basketball-reference.com/players/e/ennisja01.html,ennisja01
Drew Eubanks,https://www.basketball-reference.com/players/e/eubandr01.html,eubandr01
Dante Exum,https://www.basketball-reference.com/players/e/exumda01.html,exumda01
Tacko Fall,https://www.basketball-reference.com/players/f/fallta01.html,fallta01
Derrick Favors,https://www.basketball-reference.com/players/f/favorde01.html,favorde01
Cristiano Felício,https://www.basketball-reference.com/players/f/feliccr01.html,feliccr01
Terrance Ferguson,https://www.basketball-reference.com/players/f/fergute01.html,fergute01
Bruno Fernando,https://www.basketball-reference.com/players/f/fernabr01.html,fernabr01
Yogi Ferrell,https://www.basketball-reference.com/players/f/ferreyo01.html,ferreyo01
Dorian Finney-Smith,https://www.basketball-reference.com/players/f/finnedo01.html,finnedo01
Malik Fitts,https://www.basketball-reference.com/players/f/fittsma01.html,fittsma01
Malachi Flynn,https://www.basketball-reference.com/players/f/flynnma01.html,flynnma01
Bryn Forbes,https://www.basketball-reference.com/players/f/forbebr01.html,forbebr01
Aleem Ford,https://www.basketball-reference.com/players/f/fordal03.html,fordal03
Trent Forrest,https://www.basketball-reference.com/players/f/forretr01.html,forretr01
Evan Fournier,https://www.basketball-reference.com/players/f/fournev01.html,fournev01
De'Aaron Fox,https://www.basketball-reference.com/players/f/foxde01.html,foxde01
Robert Franks,https://www.basketball-reference.com/players/f/frankro01.html,frankro01
Melvin Frazier,https://www.basketball-reference.com/players/f/frazime01.html,frazime01
Tim Frazier,https://www.basketball-reference.com/players/f/fraziti01.html,fraziti01
Markelle Fultz,https://www.basketball-reference.com/players/f/fultzma01.html,fultzma01
Wenyen Gabriel,https://www.basketball-reference.com/players/g/gabriwe01.html,gabriwe01
Daniel Gafford,https://www.basketball-reference.com/players/g/gaffoda01.html,gaffoda01
Danilo Gallinari,https://www.basketball-reference.com/players/g/gallida01.html,gallida01
Langston Galloway,https://www.basketball-reference.com/players/g/gallola01.html,gallola01
Darius Garland,https://www.basketball-reference.com/players/g/garlada01.html,garlada01
Marcus Garrett,https://www.basketball-reference.com/players/g/garrema01.html,garrema01
Usman Garuba,https://www.basketball-reference.com/players/g/garubus01.html,garubus01
Luka Garza,https://www.basketball-reference.com/players/g/garzalu01.html,garzalu01
Marc Gasol,https://www.basketball-reference.com/players/g/gasolma01.html,gasolma01
Rudy Gay,https://www.basketball-reference.com/players/g/gayru01.html,gayru01
Paul George,https://www.basketball-reference.com/players/g/georgpa01.html,georgpa01
Taj Gibson,https://www.basketball-reference.com/players/g/gibsota01.html,gibsota01
Josh Giddey,https://www.basketball-reference.com/players/g/giddejo01.html,giddejo01
Harry Giles,https://www.basketball-reference.com/players/g/gilesha01.html,gilesha01
Shai Gilgeous-Alexander,https://www.basketball-reference.com/players/g/gilgesh01.html,gilgesh01
Anthony Gill,https://www.basketball-reference.com/players/g/gillan01.html,gillan01
Freddie Gillespie,https://www.basketball-reference.com/players/g/gillefr01.html,gillefr01
Rudy Gobert,https://www.basketball-reference.com/players/g/goberru01.html,goberru01
Brandon Goodwin,https://www.basketball-reference.com/players/g/goodwbr01.html,goodwbr01
Jordan Goodwin,https://www.basketball-reference.com/players/g/goodwjo01.html,goodwjo01
Aaron Gordon,https://www.basketball-reference.com/players/g/gordoaa01.html,gordoaa01
Eric Gordon,https://www.basketball-reference.com/players/g/gordoer01.html,gordoer01
Devonte' Graham,https://www.basketball-reference.com/players/g/grahade01.html,grahade01
Jerami Grant,https://www.basketball-reference.com/players/g/grantje01.html,grantje01
Hassani Gravett,https://www.basketball-reference.com/players/g/graveha01.html,graveha01
Danny Green,https://www.basketball-reference.com/players/g/greenda02.html,greenda02
Draymond Green,https://www.basketball-reference.com/players/g/greendr01.html,greendr01
JaMychal Green,https://www.basketball-reference.com/players/g/greenja01.html,greenja01
Javonte Green,https://www.basketball-reference.com/players/g/greenja02.html,greenja02
Jalen Green,https://www.basketball-reference.com/players/g/greenja05.html,greenja05
Jeff Green,https://www.basketball-reference.com/players/g/greenje02.html,greenje02
Josh Green,https://www.basketball-reference.com/players/g/greenjo02.html,greenjo02
Blake Griffin,https://www.basketball-reference.com/players/g/griffbl01.html,griffbl01
Quentin Grimes,https://www.basketball-reference.com/players/g/grimequ01.html,grimequ01
Kyle Guy,https://www.basketball-reference.com/players/g/guyky01.html,guyky01
Rui Hachimura,https://www.basketball-reference.com/players/h/hachiru01.html,hachiru01
Ashton Hagans,https://www.basketball-reference.com/players/h/haganas01.html,haganas01
Tyrese Haliburton,https://www.basketball-reference.com/players/h/halibty01.html,halibty01
Donta Hall,https://www.basketball-reference.com/players/h/halldo01.html,halldo01
Josh Hall,https://www.basketball-reference.com/players/h/halljo01.html,halljo01
Tyler Hall,https://www.basketball-reference.com/players/h/hallty01.html,hallty01
R.J. Hampton,https://www.basketball-reference.com/players/h/hamptrj01.html,hamptrj01
Tim Hardaway Jr.,https://www.basketball-reference.com/players/h/hardati02.html,hardati02
James Harden,https://www.basketball-reference.com/players/h/hardeja01.html,hardeja01
Maurice Harkless,https://www.basketball-reference.com/players/h/harklma01.html,harklma01
Jared Harper,https://www.basketball-reference.com/players/h/harpeja01.html,harpeja01
Montrezl Harrell,https://www.basketball-reference.com/players/h/harremo01.html,harremo01
Gary Harris,https://www.basketball-reference.com/players/h/harriga01.html,harriga01
Jalen Harris,https://www.basketball-reference.com/players/h/harrija01.html,harrija01
Joe Harris,https://www.basketball-reference.com/players/h/harrijo01.html,harrijo01
Shaquille Harrison,https://www.basketball-reference.com/players/h/harrish01.html,harrish01
Tobias Harris,https://www.basketball-reference.com/players/h/harrito02.html,harrito02
Isaiah Hartenstein,https://www.basketball-reference.com/players/h/harteis01.html,harteis01
Josh Hart,https://www.basketball-reference.com/players/h/hartjo01.html,hartjo01
Udonis Haslem,https://www.basketball-reference.com/players/h/hasleud01.html,hasleud01
Sam Hauser,https://www.basketball-reference.com/players/h/hausesa01.html,hausesa01
Jaxson Hayes,https://www.basketball-reference.com/players/h/hayesja02.html,hayesja02
Killian Hayes,https://www.basketball-reference.com/players/h/hayeski01.html,hayeski01
Gordon Hayward,https://www.basketball-reference.com/players/h/haywago01.html,haywago01
Aaron Henry,https://www.basketball-reference.com/players/h/henryaa01.html,henryaa01
Juancho Hernangómez,https://www.basketball-reference.com/players/h/hernaju01.html,hernaju01
Willy Hernangómez,https://www.basketball-reference.com/players/h/hernawi01.html,hernawi01
Tyler Herro,https://www.basketball-reference.com/players/h/herroty01.html,herroty01
Buddy Hield,https://www.basketball-reference.com/players/h/hieldbu01.html,hieldbu01
Haywood Highsmith,https://www.basketball-reference.com/players/h/highsha01.html,highsha01
George Hill,https://www.basketball-reference.com/players/h/hillge01.html,hillge01
Malcolm Hill,https://www.basketball-reference.com/players/h/hillma01.html,hillma01
Solomon Hill,https://www.basketball-reference.com/players/h/hillso01.html,hillso01
Nate Hinton,https://www.basketball-reference.com/players/h/hintona01.html,hintona01
Jaylen Hoard,https://www.basketball-reference.com/players/h/hoardja01.html,hoardja01
Aaron Holiday,https://www.basketball-reference.com/players/h/holidaa01.html,holidaa01
Jrue Holiday,https://www.basketball-reference.com/players/h/holidjr01.html,holidjr01
Justin Holiday,https://www.basketball-reference.com/players/h/holidju01.html,holidju01
Rondae Hollis-Jefferson,https://www.basketball-reference.com/players/h/holliro01.html,holliro01
Richaun Holmes,https://www.basketball-reference.com/players/h/holmeri01.html,holmeri01
Rodney Hood,https://www.basketball-reference.com/players/h/hoodro01.html,hoodro01
Scotty Hopson,https://www.basketball-reference.com/players/h/hopsosc01.html,hopsosc01
Al Horford,https://www.basketball-reference.com/players/h/horfoal01.html,horfoal01
Talen Horton-Tucker,https://www.basketball-reference.com/players/h/hortota01.html,hortota01
Danuel House Jr.,https://www.basketball-reference.com/players/h/houseda01.html,houseda01
Dwight Howard,https://www.basketball-reference.com/players/h/howardw01.html,howardw01
Markus Howard,https://www.basketball-reference.com/players/h/howarma02.html,howarma02
Kevin Huerter,https://www.basketball-reference.com/players/h/huertke01.html,huertke01
Jay Huff,https://www.basketball-reference.com/players/h/huffja01.html,huffja01
Elijah Hughes,https://www.basketball-reference.com/players/h/hugheel01.html,hugheel01
De'Andre Hunter,https://www.basketball-reference.com/players/h/huntede01.html,huntede01
Feron Hunt,https://www.basketball-reference.com/players/h/huntfe01.html,huntfe01
Chandler Hutchison,https://www.basketball-reference.com/players/h/hutchch01.html,hutchch01
Bones Hyland,https://www.basketball-reference.com/players/h/hylanbo01.html,hylanbo01
Serge Ibaka,https://www.basketball-reference.com/players/i/ibakase01.html,ibakase01
Andre Iguodala,https://www.basketball-reference.com/players/i/iguodan01.html,iguodan01
Ersan İlyasova,https://www.basketball-reference.com/players/i/ilyaser01.html,ilyaser01
Joe Ingles,https://www.basketball-reference.com/players/i/inglejo01.html,inglejo01
Brandon Ingram,https://www.basketball-reference.com/players/i/ingrabr01.html,ingrabr01
Kyrie Irving,https://www.basketball-reference.com/players/i/irvinky01.html,irvinky01
Wes Iwundu,https://www.basketball-reference.com/players/i/iwundwe01.html,iwundwe01
Frank Jackson,https://www.basketball-reference.com/players/j/jacksfr01.html,jacksfr01
Isaiah Jackson,https://www.basketball-reference.com/players/j/jacksis01.html,jacksis01
Jaren Jackson Jr.,https://www.basketball-reference.com/players/j/jacksja02.html,jacksja02
Josh Jackson,https://www.basketball-reference.com/players/j/jacksjo02.html,jacksjo02
Justin Jackson,https://www.basketball-reference.com/players/j/jacksju01.html,jacksju01
Reggie Jackson,https://www.basketball-reference.com/players/j/jacksre01.html,jacksre01
Justin James,https://www.basketball-reference.com/players/j/jamesju01.html,jamesju01
LeBron James,https://www.basketball-reference.com/players/j/jamesle01.html,jamesle01
Mike James,https://www.basketball-reference.com/players/j/jamesmi02.html,jamesmi02
DeJon Jarreau,https://www.basketball-reference.com/players/j/jarrede01.html,jarrede01
DaQuan Jeffries,https://www.basketball-reference.com/players/j/jeffrda01.html,jeffrda01
Ty Jerome,https://www.basketball-reference.com/players/j/jeromty01.html,jeromty01
Isaiah Joe,https://www.basketball-reference.com/players/j/joeis01.html,joeis01
Alize Johnson,https://www.basketball-reference.com/players/j/johnsal02.html,johnsal02
B.J. Johnson,https://www.basketball-reference.com/players/j/johnsbj01.html,johnsbj01
Cameron Johnson,https://www.basketball-reference.com/players/j/johnsca02.html,johnsca02
David Johnson,https://www.basketball-reference.com/players/j/johnsda08.html,johnsda08
James Johnson,https://www.basketball-reference.com/players/j/johnsja01.html,johnsja01
Jalen Johnson,https://www.basketball-reference.com/players/j/johnsja05.html,johnsja05
Joe Johnson,https://www.basketball-reference.com/players/j/johnsjo02.html,johnsjo02
Keldon Johnson,https://www.basketball-reference.com/players/j/johnske04.html,johnske04
Keon Johnson,https://www.basketball-reference.com/players/j/johnske07.html,johnske07
Stanley Johnson,https://www.basketball-reference.com/players/j/johnsst04.html,johnsst04
Tyler Johnson,https://www.basketball-reference.com/players/j/johnsty01.html,johnsty01
Nikola Jokić,https://www.basketball-reference.com/players/j/jokicni01.html,jokicni01
Carlik Jones,https://www.basketball-reference.com/players/j/jonesca03.html,jonesca03
Damian Jones,https://www.basketball-reference.com/players/j/jonesda03.html,jonesda03
Derrick Jones Jr.,https://www.basketball-reference.com/players/j/jonesde02.html,jonesde02
Herbert Jones,https://www.basketball-reference.com/players/j/joneshe01.html,joneshe01
Jemerrio Jones,https://www.basketball-reference.com/players/j/jonesje01.html,jonesje01
Kai Jones,https://www.basketball-reference.com/players/j/joneska01.html,joneska01
Mason Jones,https://www.basketball-reference.com/players/j/jonesma05.html,jonesma05
Tre Jones,https://www.basketball-reference.com/players/j/jonestr01.html,jonestr01
Tyus Jones,https://www.basketball-reference.com/players/j/jonesty01.html,jonesty01
DeAndre Jordan,https://www.basketball-reference.com/players/j/jordade01.html,jordade01
Cory Joseph,https://www.basketball-reference.com/players/j/josepco01.html,josepco01
Mfiondu Kabengele,https://www.basketball-reference.com/players/k/kabenmf01.html,kabenmf01
Georgios Kalaitzakis,https://www.basketball-reference.com/players/k/kalaige01.html,kalaige01
Frank Kaminsky,https://www.basketball-reference.com/players/k/kaminfr01.html,kaminfr01
Enes Freedom,https://www.basketball-reference.com/players/k/kanteen01.html,kanteen01
Luke Kennard,https://www.basketball-reference.com/players/k/kennalu01.html,kennalu01
Braxton Key,https://www.basketball-reference.com/players/k/keybr01.html,keybr01
George King,https://www.basketball-reference.com/players/k/kingge03.html,kingge03
Louis King,https://www.basketball-reference.com/players/k/kinglo02.html,kinglo02
Corey Kispert,https://www.basketball-reference.com/players/k/kispeco01.html,kispeco01
Maxi Kleber,https://www.basketball-reference.com/players/k/klebima01.html,klebima01
Brandon Knight,https://www.basketball-reference.com/players/k/knighbr03.html,knighbr03
Nathan Knight,https://www.basketball-reference.com/players/k/knighna01.html,knighna01
Kevin Knox,https://www.basketball-reference.com/players/k/knoxke01.html,knoxke01
John Konchar,https://www.basketball-reference.com/players/k/konchjo01.html,konchjo01
Furkan Korkmaz,https://www.basketball-reference.com/players/k/korkmfu01.html,korkmfu01
Luke Kornet,https://www.basketball-reference.com/players/k/kornelu01.html,kornelu01
Vit Krejci,https://www.basketball-reference.com/players/k/krejcvi01.html,krejcvi01
Arnoldas Kulboka,https://www.basketball-reference.com/players/k/kulboar01.html,kulboar01
Jonathan Kuminga,https://www.basketball-reference.com/players/k/kuminjo01.html,kuminjo01
Rodions Kurucs,https://www.basketball-reference.com/players/k/kurucro01.html,kurucro01
Kyle Kuzma,https://www.basketball-reference.com/players/k/kuzmaky01.html,kuzmaky01
Anthony Lamb,https://www.basketball-reference.com/players/l/lamban01.html,lamban01
Jeremy Lamb,https://www.basketball-reference.com/players/l/lambje01.html,lambje01
Jock Landale,https://www.basketball-reference.com/players/l/landajo01.html,landajo01
Romeo Langford,https://www.basketball-reference.com/players/l/langfro01.html,langfro01
Zach LaVine,https://www.basketball-reference.com/players/l/lavinza01.html,lavinza01
Jake Layman,https://www.basketball-reference.com/players/l/laymaja01.html,laymaja01
T.J. Leaf,https://www.basketball-reference.com/players/l/leaftj01.html,leaftj01
Jalen Lecque,https://www.basketball-reference.com/players/l/lecquja01.html,lecquja01
Damion Lee,https://www.basketball-reference.com/players/l/leeda03.html,leeda03
Saben Lee,https://www.basketball-reference.com/players/l/leesa01.html,leesa01
Alex Len,https://www.basketball-reference.com/players/l/lenal01.html,lenal01
Kawhi Leonard,https://www.basketball-reference.com/players/l/leonaka01.html,leonaka01
Meyers Leonard,https://www.basketball-reference.com/players/l/leoname01.html,leoname01
Caris LeVert,https://www.basketball-reference.com/players/l/leverca01.html,leverca01
Kira Lewis Jr.,https://www.basketball-reference.com/players/l/lewiski01.html,lewiski01
Scottie Lewis,https://www.basketball-reference.com/players/l/lewissc01.html,lewissc01
Damian Lillard,https://www.basketball-reference.com/players/l/lillada01.html,lillada01
Nassir Little,https://www.basketball-reference.com/players/l/littlna01.html,littlna01
Isaiah Livers,https://www.basketball-reference.com/players/l/liveris01.html,liveris01
Kevon Looney,https://www.basketball-reference.com/players/l/looneke01.html,looneke01
Brook Lopez,https://www.basketball-reference.com/players/l/lopezbr01.html,lopezbr01
Robin Lopez,https://www.basketball-reference.com/players/l/lopezro01.html,lopezro01
Didi Louzada,https://www.basketball-reference.com/players/l/louzama01.html,louzama01
Kevin Love,https://www.basketball-reference.com/players/l/loveke01.html,loveke01
Kyle Lowry,https://www.basketball-reference.com/players/l/lowryky01.html,lowryky01
Gabriel Lundberg,https://www.basketball-reference.com/players/l/lundbga01.html,lundbga01
Timothé Luwawu-Cabarrot,https://www.basketball-reference.com/players/l/luwawti01.html,luwawti01
Trey Lyles,https://www.basketball-reference.com/players/l/lylestr01.html,lylestr01
Will Magnay,https://www.basketball-reference.com/players/m/magnawi01.html,magnawi01
Thon Maker,https://www.basketball-reference.com/players/m/makerth01.html,makerth01
Théo Maledon,https://www.basketball-reference.com/players/m/maledth01.html,maledth01
Sandro Mamukelashvili,https://www.basketball-reference.com/players/m/mamuksa01.html,mamuksa01
Karim Mané,https://www.basketball-reference.com/players/m/maneka01.html,maneka01
Nico Mannion,https://www.basketball-reference.com/players/m/mannini01.html,mannini01
Terance Mann,https://www.basketball-reference.com/players/m/mannte01.html,mannte01
Tre Mann,https://www.basketball-reference.com/players/m/manntr01.html,manntr01
Boban Marjanović,https://www.basketball-reference.com/players/m/marjabo01.html,marjabo01
Lauri Markkanen,https://www.basketball-reference.com/players/m/markkla01.html,markkla01
Naji Marshall,https://www.basketball-reference.com/players/m/marshna01.html,marshna01
Caleb Martin,https://www.basketball-reference.com/players/m/martica02.html,martica02
Cody Martin,https://www.basketball-reference.com/players/m/martico01.html,martico01
Jeremiah Martin,https://www.basketball-reference.com/players/m/martije02.html,martije02
Kelan Martin,https://www.basketball-reference.com/players/m/martike03.html,martike03
Kenyon Martin Jr.,https://www.basketball-reference.com/players/m/martike04.html,martike04
Frank Mason III,https://www.basketball-reference.com/players/m/masonfr01.html,masonfr01
Garrison Mathews,https://www.basketball-reference.com/players/m/mathega01.html,mathega01
Dakota Mathias,https://www.basketball-reference.com/players/m/mathida01.html,mathida01
Wesley Matthews,https://www.basketball-reference.com/players/m/matthwe02.html,matthwe02
Tyrese Maxey,https://www.basketball-reference.com/players/m/maxeyty01.html,maxeyty01
Skylar Mays,https://www.basketball-reference.com/players/m/mayssk01.html,mayssk01
Miles McBride,https://www.basketball-reference.com/players/m/mcbrimi01.html,mcbrimi01
Patrick McCaw,https://www.basketball-reference.com/players/m/mccawpa01.html,mccawpa01
Mac McClung,https://www.basketball-reference.com/players/m/mccluma01.html,mccluma01
CJ McCollum,https://www.basketball-reference.com/players/m/mccolcj01.html,mccolcj01
T.J. McConnell,https://www.basketball-reference.com/players/m/mccontj01.html,mccontj01
Jalen McDaniels,https://www.basketball-reference.com/players/m/mcdanja01.html,mcdanja01
Jaden McDaniels,https://www.basketball-reference.com/players/m/mcdanja02.html,mcdanja02
Doug McDermott,https://www.basketball-reference.com/players/m/mcderdo01.html,mcderdo01
Sean McDermott,https://www.basketball-reference.com/players/m/mcderse01.html,mcderse01
JaVale McGee,https://www.basketball-reference.com/players/m/mcgeeja01.html,mcgeeja01
Cameron McGriff,https://www.basketball-reference.com/players/m/mcgrica01.html,mcgrica01
Rodney McGruder,https://www.basketball-reference.com/players/m/mcgruro01.html,mcgruro01
Alfonzo McKinnie,https://www.basketball-reference.com/players/m/mckinal01.html,mckinal01
JaQuori McLaughlin,https://www.basketball-reference.com/players/m/mclauja01.html,mclauja01
Jordan McLaughlin,https://www.basketball-reference.com/players/m/mclaujo01.html,mclaujo01
Ben McLemore,https://www.basketball-reference.com/players/m/mclembe01.html,mclembe01
Nicolò Melli,https://www.basketball-reference.com/players/m/mellini01.html,mellini01
De'Anthony Melton,https://www.basketball-reference.com/players/m/meltode01.html,meltode01
Sam Merrill,https://www.basketball-reference.com/players/m/merrisa01.html,merrisa01
Chimezie Metu,https://www.basketball-reference.com/players/m/metuch01.html,metuch01
Khris Middleton,https://www.basketball-reference.com/players/m/middlkh01.html,middlkh01
C.J. Miles,https://www.basketball-reference.com/players/m/milescj01.html,milescj01
Darius Miller,https://www.basketball-reference.com/players/m/milleda01.html,milleda01
Paul Millsap,https://www.basketball-reference.com/players/m/millspa01.html,millspa01
Patty Mills,https://www.basketball-reference.com/players/m/millspa02.html,millspa02
Shake Milton,https://www.basketball-reference.com/players/m/miltosh01.html,miltosh01
Davion Mitchell,https://www.basketball-reference.com/players/m/mitchda01.html,mitchda01
Donovan Mitchell,https://www.basketball-reference.com/players/m/mitchdo01.html,mitchdo01
Evan Mobley,https://www.basketball-reference.com/players/m/mobleev01.html,mobleev01
Adam Mokoka,https://www.basketball-reference.com/players/m/mokokad01.html,mokokad01
Malik Monk,https://www.basketball-reference.com/players/m/monkma01.html,monkma01
Greg Monroe,https://www.basketball-reference.com/players/m/monrogr01.html,monrogr01
Moses Moody,https://www.basketball-reference.com/players/m/moodymo01.html,moodymo01
Matt Mooney,https://www.basketball-reference.com/players/m/moonema01.html,moonema01
Xavier Moon,https://www.basketball-reference.com/players/m/moonxa01.html,moonxa01
E'Twaun Moore,https://www.basketball-reference.com/players/m/mooreet01.html,mooreet01
Ja Morant,https://www.basketball-reference.com/players/m/moranja01.html,moranja01
Juwan Morgan,https://www.basketball-reference.com/players/m/morgaju01.html,morgaju01
Jaylen Morris,https://www.basketball-reference.com/players/m/morrija01.html,morrija01
Markieff Morris,https://www.basketball-reference.com/players/m/morrima02.html,morrima02
Marcus Morris,https://www.basketball-reference.com/players/m/morrima03.html,morrima03
Monte Morris,https://www.basketball-reference.com/players/m/morrimo01.html,morrimo01
Emmanuel Mudiay,https://www.basketball-reference.com/players/m/mudiaem01.html,mudiaem01
Mychal Mulder,https://www.basketball-reference.com/players/m/muldemy01.html,muldemy01
Ade Murkey,https://www.basketball-reference.com/players/m/murkead01.html,murkead01
Trey Murphy III,https://www.basketball-reference.com/players/m/murphtr02.html,murphtr02
Dejounte Murray,https://www.basketball-reference.com/players/m/murrade01.html,murrade01
Jamal Murray,https://www.basketball-reference.com/players/m/murraja01.html,murraja01
Mike Muscala,https://www.basketball-reference.com/players/m/muscami01.html,muscami01
Svi Mykhailiuk,https://www.basketball-reference.com/players/m/mykhasv01.html,mykhasv01
Abdel Nader,https://www.basketball-reference.com/players/n/naderab01.html,naderab01
Larry Nance Jr.,https://www.basketball-reference.com/players/n/nancela02.html,nancela02
RJ Nembhard Jr.,https://www.basketball-reference.com/players/n/nembhrj01.html,nembhrj01
Aaron Nesmith,https://www.basketball-reference.com/players/n/nesmiaa01.html,nesmiaa01
Raul Neto,https://www.basketball-reference.com/players/n/netora01.html,netora01
Malik Newman,https://www.basketball-reference.com/players/n/newmama01.html,newmama01
Georges Niang,https://www.basketball-reference.com/players/n/niangge01.html,niangge01
Daishen Nix,https://www.basketball-reference.com/players/n/nixda01.html,nixda01
Zeke Nnaji,https://www.basketball-reference.com/players/n/nnajize01.html,nnajize01
Nerlens Noel,https://www.basketball-reference.com/players/n/noelne01.html,noelne01
Jaylen Nowell,https://www.basketball-reference.com/players/n/nowelja01.html,nowelja01
Frank Ntilikina,https://www.basketball-reference.com/players/n/ntilila01.html,ntilila01
James Nunnally,https://www.basketball-reference.com/players/n/nunnaja01.html,nunnaja01
Kendrick Nunn,https://www.basketball-reference.com/players/n/nunnke01.html,nunnke01
Jusuf Nurkić,https://www.basketball-reference.com/players/n/nurkiju01.html,nurkiju01
David Nwaba,https://www.basketball-reference.com/players/n/nwabada01.html,nwabada01
Jordan Nwora,https://www.basketball-reference.com/players/n/nworajo01.html,nworajo01
Semi Ojeleye,https://www.basketball-reference.com/players/o/ojelese01.html,ojelese01
Jahlil Okafor,https://www.basketball-reference.com/players/o/okafoja01.html,okafoja01
Chuma Okeke,https://www.basketball-reference.com/players/o/okekech01.html,okekech01
Josh Okogie,https://www.basketball-reference.com/players/o/okogijo01.html,okogijo01
Onyeka Okongwu,https://www.basketball-reference.com/players/o/okongon01.html,okongon01
Isaac Okoro,https://www.basketball-reference.com/players/o/okorois01.html,okorois01
KZ Okpala,https://www.basketball-reference.com/players/o/okpalkz01.html,okpalkz01
Victor Oladipo,https://www.basketball-reference.com/players/o/oladivi01.html,oladivi01
Cameron Oliver,https://www.basketball-reference.com/players/o/oliveca01.html,oliveca01
Kelly Olynyk,https://www.basketball-reference.com/players/o/olynyke01.html,olynyke01
Eugene Omoruyi,https://www.basketball-reference.com/players/o/omorueu01.html,omorueu01
Royce O'Neale,https://www.basketball-reference.com/players/o/onealro01.html,onealro01
Miye Oni,https://www.basketball-reference.com/players/o/onimi01.html,onimi01
Cedi Osman,https://www.basketball-reference.com/players/o/osmande01.html,osmande01
Daniel Oturu,https://www.basketball-reference.com/players/o/oturuda01.html,oturuda01
Kelly Oubre Jr.,https://www.basketball-reference.com/players/o/oubreke01.html,oubreke01
Jaysean Paige,https://www.basketball-reference.com/players/p/paigeja01.html,paigeja01
Trayvon Palmer,https://www.basketball-reference.com/players/p/palmetr01.html,palmetr01
Kevin Pangos,https://www.basketball-reference.com/players/p/pangoke01.html,pangoke01
Jabari Parker,https://www.basketball-reference.com/players/p/parkeja01.html,parkeja01
Eric Paschall,https://www.basketball-reference.com/players/p/pascher01.html,pascher01
Anžejs Pasečņiks,https://www.basketball-reference.com/players/p/pasecan01.html,pasecan01
Patrick Patterson,https://www.basketball-reference.com/players/p/pattepa01.html,pattepa01
Justin Patton,https://www.basketball-reference.com/players/p/pattoju01.html,pattoju01
Chris Paul,https://www.basketball-reference.com/players/p/paulch01.html,paulch01
Cameron Payne,https://www.basketball-reference.com/players/p/payneca01.html,payneca01
Elfrid Payton,https://www.basketball-reference.com/players/p/paytoel01.html,paytoel01
Gary Payton II,https://www.basketball-reference.com/players/p/paytoga02.html,paytoga02
Norvel Pelle,https://www.basketball-reference.com/players/p/pelleno01.html,pelleno01
Reggie Perry,https://www.basketball-reference.com/players/p/perryre01.html,perryre01
Jamorko Pickett,https://www.basketball-reference.com/players/p/pickeja01.html,pickeja01
Theo Pinson,https://www.basketball-reference.com/players/p/pinsoth01.html,pinsoth01
Mason Plumlee,https://www.basketball-reference.com/players/p/plumlma01.html,plumlma01
Jakob Poeltl,https://www.basketball-reference.com/players/p/poeltja01.html,poeltja01
Vincent Poirier,https://www.basketball-reference.com/players/p/poirivi01.html,poirivi01
Aleksej Pokusevski,https://www.basketball-reference.com/players/p/pokusal01.html,pokusal01
Yves Pons,https://www.basketball-reference.com/players/p/ponsyv01.html,ponsyv01
Jordan Poole,https://www.basketball-reference.com/players/p/poolejo01.html,poolejo01
Jontay Porter,https://www.basketball-reference.com/players/p/portejo01.html,portejo01
Kevin Porter Jr.,https://www.basketball-reference.com/players/p/porteke02.html,porteke02
Michael Porter Jr.,https://www.basketball-reference.com/players/p/portemi01.html,portemi01
Otto Porter Jr.,https://www.basketball-reference.com/players/p/porteot01.html,porteot01
Bobby Portis,https://www.basketball-reference.com/players/p/portibo01.html,portibo01
Kristaps Porziņģis,https://www.basketball-reference.com/players/p/porzikr01.html,porzikr01
Micah Potter,https://www.basketball-reference.com/players/p/pottemi01.html,pottemi01
Dwight Powell,https://www.basketball-reference.com/players/p/poweldw01.html,poweldw01
Myles Powell,https://www.basketball-reference.com/players/p/powelmy01.html,powelmy01
Norman Powell,https://www.basketball-reference.com/players/p/powelno01.html,powelno01
Joshua Primo,https://www.basketball-reference.com/players/p/primojo01.html,primojo01
Taurean Prince,https://www.basketball-reference.com/players/p/princta02.html,princta02
Payton Pritchard,https://www.basketball-reference.com/players/p/pritcpa01.html,pritcpa01
Trevelin Queen,https://www.basketball-reference.com/players/q/queentr01.html,queentr01
Neemias Queta,https://www.basketball-reference.com/players/q/quetane01.html,quetane01
Immanuel Quickley,https://www.basketball-reference.com/players/q/quickim01.html,quickim01
Jahmi'us Ramsey,https://www.basketball-reference.com/players/r/ramseja01.html,ramseja01
Chasson Randle,https://www.basketball-reference.com/players/r/randlch01.html,randlch01
Julius Randle,https://www.basketball-reference.com/players/r/randlju01.html,randlju01
Austin Reaves,https://www.basketball-reference.com/players/r/reaveau01.html,reaveau01
Cam Reddish,https://www.basketball-reference.com/players/r/reddica01.html,reddica01
J.J. Redick,https://www.basketball-reference.com/players/r/redicjj01.html,redicjj01
Davon Reed,https://www.basketball-reference.com/players/r/reedda01.html,reedda01
Paul Reed,https://www.basketball-reference.com/players/r/reedpa01.html,reedpa01
Naz Reid,https://www.basketball-reference.com/players/r/reidna01.html,reidna01
Cameron Reynolds,https://www.basketball-reference.com/players/r/reynoca01.html,reynoca01
Josh Richardson,https://www.basketball-reference.com/players/r/richajo01.html,richajo01
Nick Richards,https://www.basketball-reference.com/players/r/richani01.html,richani01
Grant Riller,https://www.basketball-reference.com/players/r/rillegr01.html,rillegr01
Austin Rivers,https://www.basketball-reference.com/players/r/riverau01.html,riverau01
Andre Roberson,https://www.basketball-reference.com/players/r/roberan03.html,roberan03
Duncan Robinson,https://www.basketball-reference.com/players/r/robindu01.html,robindu01
Glenn Robinson III,https://www.basketball-reference.com/players/r/robingl02.html,robingl02
Jerome Robinson,https://www.basketball-reference.com/players/r/robinje01.html,robinje01
Jeremiah Robinson-Earl,https://www.basketball-reference.com/players/r/robinje02.html,robinje02
Justin Robinson,https://www.basketball-reference.com/players/r/robinju01.html,robinju01
Mitchell Robinson,https://www.basketball-reference.com/players/r/robinmi01.html,robinmi01
Isaiah Roby,https://www.basketball-reference.com/players/r/robyis01.html,robyis01
Rajon Rondo,https://www.basketball-reference.com/players/r/rondora01.html,rondora01
Derrick Rose,https://www.basketball-reference.com/players/r/rosede01.html,rosede01
Terrence Ross,https://www.basketball-reference.com/players/r/rosste01.html,rosste01
Terry Rozier,https://www.basketball-reference.com/players/r/roziete01.html,roziete01
Ricky Rubio,https://www.basketball-reference.com/players/r/rubiori01.html,rubiori01
D'Angelo Russell,https://www.basketball-reference.com/players/r/russeda01.html,russeda01
Matt Ryan,https://www.basketball-reference.com/players/r/ryanma01.html,ryanma01
Domantas Sabonis,https://www.basketball-reference.com/players/s/sabondo01.html,sabondo01
Luka Šamanić,https://www.basketball-reference.com/players/s/samanlu01.html,samanlu01
JaKarr Sampson,https://www.basketball-reference.com/players/s/sampsja02.html,sampsja02
Dario Šarić,https://www.basketball-reference.com/players/s/saricda01.html,saricda01
Olivier Sarr,https://www.basketball-reference.com/players/s/sarrol01.html,sarrol01
Tomáš Satoranský,https://www.basketball-reference.com/players/s/satorto01.html,satorto01
Jordan Schakel,https://www.basketball-reference.com/players/s/schakjo01.html,schakjo01
Admiral Schofield,https://www.basketball-reference.com/players/s/schofad01.html,schofad01
Dennis Schröder,https://www.basketball-reference.com/players/s/schrode01.html,schrode01
Mike Scott,https://www.basketball-reference.com/players/s/scottmi01.html,scottmi01
Tre Scott,https://www.basketball-reference.com/players/s/scotttr01.html,scotttr01
Jay Scrubb,https://www.basketball-reference.com/players/s/scrubja01.html,scrubja01
Wayne Selden,https://www.basketball-reference.com/players/s/seldewa01.html,seldewa01
Alperen Şengün,https://www.basketball-reference.com/players/s/sengual01.html,sengual01
Collin Sexton,https://www.basketball-reference.com/players/s/sextoco01.html,sextoco01
Landry Shamet,https://www.basketball-reference.com/players/s/shamela01.html,shamela01
Day'Ron Sharpe,https://www.basketball-reference.com/players/s/sharpda01.html,sharpda01
Iman Shumpert,https://www.basketball-reference.com/players/s/shumpim01.html,shumpim01
Pascal Siakam,https://www.basketball-reference.com/players/s/siakapa01.html,siakapa01
Chris Silva,https://www.basketball-reference.com/players/s/silvach01.html,silvach01
Ben Simmons,https://www.basketball-reference.com/players/s/simmobe01.html,simmobe01
Anfernee Simons,https://www.basketball-reference.com/players/s/simonan01.html,simonan01
Marko Simonovic,https://www.basketball-reference.com/players/s/simonma01.html,simonma01
Zavier Simpson,https://www.basketball-reference.com/players/s/simpsza01.html,simpsza01
Jericho Sims,https://www.basketball-reference.com/players/s/simsje01.html,simsje01
Deividas Sirvydis,https://www.basketball-reference.com/players/s/sirvyde01.html,sirvyde01
Alen Smailagić,https://www.basketball-reference.com/players/s/smailal01.html,smailal01
Javonte Smart,https://www.basketball-reference.com/players/s/smartja01.html,smartja01
Marcus Smart,https://www.basketball-reference.com/players/s/smartma01.html,smartma01
Dennis Smith Jr.,https://www.basketball-reference.com/players/s/smithde03.html,smithde03
Ish Smith,https://www.basketball-reference.com/players/s/smithis01.html,smithis01
Jalen Smith,https://www.basketball-reference.com/players/s/smithja04.html,smithja04
Xavier Sneed,https://www.basketball-reference.com/players/s/sneedxa01.html,sneedxa01
Tony Snell,https://www.basketball-reference.com/players/s/snellto01.html,snellto01
Ray Spalding,https://www.basketball-reference.com/players/s/spaldra01.html,spaldra01
Jaden Springer,https://www.basketball-reference.com/players/s/sprinja01.html,sprinja01
Cassius Stanley,https://www.basketball-reference.com/players/s/stanlca01.html,stanlca01
Nik Stauskas,https://www.basketball-reference.com/players/s/stausni01.html,stausni01
Lance Stephenson,https://www.basketball-reference.com/players/s/stephla01.html,stephla01
Lamar Stevens,https://www.basketball-reference.com/players/s/stevela01.html,stevela01
Isaiah Stewart,https://www.basketball-reference.com/players/s/stewais01.html,stewais01
Max Strus,https://www.basketball-reference.com/players/s/strusma01.html,strusma01
Jalen Suggs,https://www.basketball-reference.com/players/s/suggsja01.html,suggsja01
Edmond Sumner,https://www.basketball-reference.com/players/s/sumneed01.html,sumneed01
Craig Sword,https://www.basketball-reference.com/players/s/swordcr01.html,swordcr01
Keifer Sykes,https://www.basketball-reference.com/players/s/sykeske01.html,sykeske01
Jae'Sean Tate,https://www.basketball-reference.com/players/t/tateja01.html,tateja01
Jayson Tatum,https://www.basketball-reference.com/players/t/tatumja01.html,tatumja01
Terry Taylor,https://www.basketball-reference.com/players/t/taylote01.html,taylote01
Jeff Teague,https://www.basketball-reference.com/players/t/teaguje01.html,teaguje01
Garrett Temple,https://www.basketball-reference.com/players/t/templga01.html,templga01
Emanuel Terry,https://www.basketball-reference.com/players/t/terryem01.html,terryem01
Tyrell Terry,https://www.basketball-reference.com/players/t/terryty01.html,terryty01
Jon Teske,https://www.basketball-reference.com/players/t/teskejo01.html,teskejo01
Daniel Theis,https://www.basketball-reference.com/players/t/theisda01.html,theisda01
Brodric Thomas,https://www.basketball-reference.com/players/t/thomabr01.html,thomabr01
Cam Thomas,https://www.basketball-reference.com/players/t/thomaca02.html,thomaca02
Isaiah Thomas,https://www.basketball-reference.com/players/t/thomais02.html,thomais02
Khyri Thomas,https://www.basketball-reference.com/players/t/thomakh01.html,thomakh01
Matt Thomas,https://www.basketball-reference.com/players/t/thomama02.html,thomama02
Klay Thompson,https://www.basketball-reference.com/players/t/thompkl01.html,thompkl01
Tristan Thompson,https://www.basketball-reference.com/players/t/thomptr01.html,thomptr01
JT Thor,https://www.basketball-reference.com/players/t/thorjt01.html,thorjt01
Sindarius Thornwell,https://www.basketball-reference.com/players/t/thornsi01.html,thornsi01
Matisse Thybulle,https://www.basketball-reference.com/players/t/thybuma01.html,thybuma01
Killian Tillie,https://www.basketball-reference.com/players/t/tilliki02.html,tilliki02
Xavier Tillman Sr.,https://www.basketball-reference.com/players/t/tillmxa01.html,tillmxa01
Isaiah Todd,https://www.basketball-reference.com/players/t/toddis01.html,toddis01
Anthony Tolliver,https://www.basketball-reference.com/players/t/tollian01.html,tollian01
Obi Toppin,https://www.basketball-reference.com/players/t/toppiob01.html,toppiob01
Juan Toscano-Anderson,https://www.basketball-reference.com/players/t/toscaju01.html,toscaju01
Axel Toupane,https://www.basketball-reference.com/players/t/toupaax01.html,toupaax01
Karl-Anthony Towns,https://www.basketball-reference.com/players/t/townska01.html,townska01
Gary Trent Jr.,https://www.basketball-reference.com/players/t/trentga02.html,trentga02
P.J. Tucker,https://www.basketball-reference.com/players/t/tuckepj01.html,tuckepj01
Rayjon Tucker,https://www.basketball-reference.com/players/t/tuckera01.html,tuckera01
Myles Turner,https://www.basketball-reference.com/players/t/turnemy01.html,turnemy01
Jonas Valančiūnas,https://www.basketball-reference.com/players/v/valanjo01.html,valanjo01
Denzel Valentine,https://www.basketball-reference.com/players/v/valende01.html,valende01
Jarred Vanderbilt,https://www.basketball-reference.com/players/v/vandeja01.html,vandeja01
Fred VanVleet,https://www.basketball-reference.com/players/v/vanvlfr01.html,vanvlfr01
Anderson Varejão,https://www.basketball-reference.com/players/v/varejan01.html,varejan01
Devin Vassell,https://www.basketball-reference.com/players/v/vassede01.html,vassede01
Gabe Vincent,https://www.basketball-reference.com/players/v/vincega01.html,vincega01
Noah Vonleh,https://www.basketball-reference.com/players/v/vonleno01.html,vonleno01
Nikola Vučević,https://www.basketball-reference.com/players/v/vucevni01.html,vucevni01
Dean Wade,https://www.basketball-reference.com/players/w/wadede01.html,wadede01
Franz Wagner,https://www.basketball-reference.com/players/w/wagnefr01.html,wagnefr01
Moritz Wagner,https://www.basketball-reference.com/players/w/wagnemo01.html,wagnemo01
Ish Wainright,https://www.basketball-reference.com/players/w/wainris01.html,wainris01
Kemba Walker,https://www.basketball-reference.com/players/w/walkeke02.html,walkeke02
Lonnie Walker IV,https://www.basketball-reference.com/players/w/walkelo01.html,walkelo01
M.J. Walker,https://www.basketball-reference.com/players/w/walkemj01.html,walkemj01
Tyrone Wallace,https://www.basketball-reference.com/players/w/wallaty01.html,wallaty01
John Wall,https://www.basketball-reference.com/players/w/walljo01.html,walljo01
Derrick Walton,https://www.basketball-reference.com/players/w/waltode01.html,waltode01
Brad Wanamaker,https://www.basketball-reference.com/players/w/wanambr01.html,wanambr01
T.J. Warren,https://www.basketball-reference.com/players/w/warretj01.html,warretj01
Duane Washington Jr.,https://www.basketball-reference.com/players/w/washidu02.html,washidu02
P.J. Washington,https://www.basketball-reference.com/players/w/washipj01.html,washipj01
Yuta Watanabe,https://www.basketball-reference.com/players/w/watanyu01.html,watanyu01
Lindy Waters III,https://www.basketball-reference.com/players/w/waterli01.html,waterli01
Tremont Waters,https://www.basketball-reference.com/players/w/watertr01.html,watertr01
Trendon Watford,https://www.basketball-reference.com/players/w/watfotr01.html,watfotr01
Paul Watson,https://www.basketball-reference.com/players/w/watsopa01.html,watsopa01
Quinndary Weatherspoon,https://www.basketball-reference.com/players/w/weathqu01.html,weathqu01
Russell Westbrook,https://www.basketball-reference.com/players/w/westbru01.html,westbru01
Coby White,https://www.basketball-reference.com/players/w/whiteco01.html,whiteco01
Derrick White,https://www.basketball-reference.com/players/w/whitede01.html,whitede01
Hassan Whiteside,https://www.basketball-reference.com/players/w/whiteha01.html,whiteha01
Greg Whittington,https://www.basketball-reference.com/players/w/whittgr01.html,whittgr01
Joe Wieskamp,https://www.basketball-reference.com/players/w/wieskjo01.html,wieskjo01
Aaron Wiggins,https://www.basketball-reference.com/players/w/wiggiaa01.html,wiggiaa01
Andrew Wiggins,https://www.basketball-reference.com/players/w/wiggian01.html,wiggian01
Lindell Wigginton,https://www.basketball-reference.com/players/w/wiggili01.html,wiggili01
Brandon Williams,https://www.basketball-reference.com/players/w/willibr03.html,willibr03
Grant Williams,https://www.basketball-reference.com/players/w/willigr01.html,willigr01
Kenrich Williams,https://www.basketball-reference.com/players/w/willike04.html,willike04
Lou Williams,https://www.basketball-reference.com/players/w/willilo02.html,willilo02
Patrick Williams,https://www.basketball-reference.com/players/w/willipa01.html,willipa01
Robert Williams,https://www.basketball-reference.com/players/w/williro04.html,williro04
Zion Williamson,https://www.basketball-reference.com/players/w/willizi01.html,willizi01
Ziaire Williams,https://www.basketball-reference.com/players/w/willizi02.html,willizi02
D.J. Wilson,https://www.basketball-reference.com/players/w/wilsodj01.html,wilsodj01
Dylan Windler,https://www.basketball-reference.com/players/w/windldy01.html,windldy01
Justise Winslow,https://www.basketball-reference.com/players/w/winslju01.html,winslju01
Cassius Winston,https://www.basketball-reference.com/players/w/winstca01.html,winstca01
James Wiseman,https://www.basketball-reference.com/players/w/wisemja01.html,wisemja01
Robert Woodard II,https://www.basketball-reference.com/players/w/woodaro01.html,woodaro01
Christian Wood,https://www.basketball-reference.com/players/w/woodch01.html,woodch01
Delon Wright,https://www.basketball-reference.com/players/w/wrighde01.html,wrighde01
McKinley Wright IV,https://www.basketball-reference.com/players/w/wrighmc01.html,wrighmc01
Moses Wright,https://www.basketball-reference.com/players/w/wrighmo01.html,wrighmo01
Gabe York,https://www.basketball-reference.com/players/y/yorkga01.html,yorkga01
Thaddeus Young,https://www.basketball-reference.com/players/y/youngth01.html,youngth01
Trae Young,https://www.basketball-reference.com/players/y/youngtr01.html,youngtr01
Omer Yurtseven,https://www.basketball-reference.com/players/y/yurtsom01.html,yurtsom01
Cody Zeller,https://www.basketball-reference.com/players/z/zelleco01.html,zelleco01
Ivica Zubac,https://www.basketball-reference.com/players/z/zubaciv01.html,zubaciv01